{"empresa":"Universidad de Durango","propietario":"Ruben Ibarra Reyes","domicilio":"Jardin Juarez 147","nodos":[{"ip":"192.168.0.10","tipo":"servidor","puertos":5,"saltos":10,"so":"linux","vulnerabilidades":[{"clave":"CVE-2015-1635","vendedor":"microsoft","descripcion":"HTTP.sys permite a atacantes remotos ejecutar código arbitrario","tipo":"remota","fecha":"2015-04-14T00:00:00","Antiguedad":6},{"clave":"CVE-2017-0004","vendedor":"microsoft","descripcion":"El servicio LSASS permite causar una denegación de servicio","tipo":"local","fecha":"2011-01-10T00:00:00","Antiguedad":10}]},{"ip":"192.168.0.12","tipo":"equipoactivo","puertos":2,"saltos":12,"so":"ios","vulnerabilidades":[{"clave":"CVE-2017-3847","vendedor":"cisco","descripcion":"Cisco Firepower Management Center XSS","tipo":"remota","fecha":"2017-02-21T00:00:00","Antiguedad":4}]},{"ip":"192.168.0.20","tipo":"computadora","puertos":8,"saltos":5,"so":"windows","vulnerabilidades":[{"clave":"CVE-2009-2504","vendedor":"microsoft","descripcion":"Múltiples desbordamientos de enteros en APIs Microsoft .NET 1.1","tipo":"local","fecha":"2009-11-13T00:00:00","Antiguedad":12},{"clave":"CVE-2016-7271","vendedor":"microsoft","descripcion":"Elevación de privilegios Kernel Segura en Windows 10 Gold","tipo":"local","fecha":"2016-12-20T00:00:00","Antiguedad":5},{"clave":"CVE-2017-2996","vendedor":"adobe","descripcion":"Adobe Flash Player 24.0.0.194 corrupción de memoria explotable","tipo":"remota","fecha":"2017-02-15T00:00:00","Antiguedad":4}]},{"ip":"192.168.0.20","tipo":"servidor","puertos":10,"saltos":22,"so":"linux","vulnerabilidades":[]}],"Mayor":22,"Menor":5,"TotVuln":6}